ID;Nome;Cognome;Telefono;Email;Indirizzo;Azienda;Partita IVA;Codice Fiscale;Insegna;Data di nascita;Data di creazione;Tag;Note;Privacy;Newsletter
11827490;Adriana;Popolo;3,93385E+11;adrianapopolo02@gmail.com;;;;;;;2026-05-07T17:58:19.518751;;;true;false
11854514;Alessandra;Minelli;3,93409E+11;minelli.amministrazioni@gmail.com;;;;;;;2026-05-13T12:57:33.604061;;;true;false
12203075;Alessandro;Averla;3,90198E+11;info@averla.it;;;;;;;2026-07-16T15:39:14.769027;;;true;true
11833235;Alessandro;Para;3,93478E+11;para.alessandro@libero.it;;;;;;;2026-05-10T11:05:02.100053;;;true;false
11744883;Andrea;Magni;3,93356E+11;andreamagni@me.com;;;;;;;2026-04-27T12:46:51.017273;;;true;false
11668394;Anna;Marangon;3,93287E+11;maria.m48@icloud.com;;;;;;;2026-04-20T16:47:03.963266;;;true;false
11920235;ChangHong;S.R.L;3,93384E+11;chdstudio2026@gmail.com;;;;;;;2026-05-28T12:04:34.674705;;;true;false
11939112;Chiara;Orlandini;3,93665E+11;chiara.or.999@gmail.com;;;;;;;2026-05-29T12:20:46.893412;;;true;false
11741362;ELDA;CARAGNO;3,93394E+11;cfcarni@libero.it;;;;;;;2026-04-25T15:05:32.221604;;;true;true
11698007;Emily;Mirch;39347369777;mirchemily@gmail.com;;;;;;;2026-04-22T13:41:16.703113;;;true;true
11697515;Ettore;Carpentieri;3,93406E+11;ettore.carpentieri@gmail.com;;;;;;;2026-04-22T10:51:22.365604;;;true;false
11664519;Felisia;D’Andrea;3,93407E+11;felisiadandrea@libero.it;;;;;;;2026-04-20T07:45:01.497385;;;true;false
11490346;Francesco;Andreotti;3,93409E+11;andreotti.franc@gmail.com;;;;;;;2026-03-30T07:42:55.704983;;;true;false
11734493;Fulvio Francesco;Palmieri;3,93487E+11;fulvioingpalmieri@libero.it;;;;;;;2026-04-23T00:17:18.979037;;;true;true
11914797;Giovanni;Denert;3,93467E+11;giovanni.denert@gmail.com;;;;;;;2026-05-26T11:10:34.474461;;;true;false
12109753;INOX;SIGNAL;39019801737;inoxsignalsrl@gmail.com;;;;;;;2026-06-17T08:49:06.096001;;;true;true
11783083;Ireni;Oliveira;3,9327E+11;irenibarbosa.ib@gmail.com;;;;;;;2026-05-03T08:45:02.882232;;;true;true
11529524;LUCA;MURIALDO;3,93497E+11;luca.murialdo@tiscali.it;;;;;;;2026-04-03T18:56:14.993501;;;true;false
11681924;Lucrezia;Fasolo;3,93202E+11;lucreziafasolo94@gmail.com;;;;;;;2026-04-21T15:04:47.767778;;;true;true
11488941;maram;keshk;3,93926E+11;maramkeshk5@gmail.com;;;;;;;2026-03-29T11:21:14.115247;;;true;true
11489881;Marcello;Federico;3,93468E+11;marcello.federico@tim.it;;;;;;;2026-03-29T21:34:14.900109;;;true;false
11738170;Martin;Nilsson;46768653193;martin.nilsson7210@gmail.com.com;;;;;;;2026-04-24T09:48:14.780372;;;true;false
12158636;Monica;Molecca;3,93477E+11;monicavale1972@libero.it;;;;;;;2026-07-02T18:06:50.106506;;;true;false
11584003;Riccardo;Campi;3,93495E+11;rikic1979@gmail.com;;;;;;;2026-04-15T11:43:10.883531;;;true;false
11740796;roberto;locatelli;3,93386E+11;robiloca68@gmail.com;;;;;;;2026-04-25T09:08:21.205953;;;true;true
12547478;SIMONE;CONTI;3,93355E+11;simonecontig@gmail.com;;;;;;;2026-07-27T16:19:49.143600;;;true;false
11939049;Stefania;Pisano;3,93342E+11;ste.pi72@yahoo.it;;;;;;;2026-05-29T12:00:15.951734;;;true;true
11526264;Stefania;Stasi;3,93401E+11;stefanis.505@gmail.com;;;;;;;2026-04-02T19:40:07.976474;;;true;false
11974243;Stefan;Politzka;4,91793E+11;stefan_politzka@posteo.de;;;;;;;2026-06-05T16:15:40.177482;;;true;false
12102647;umberto;di sario;3,93277E+11;desse10@virgilio.it;;;;;;;2026-06-14T22:06:02.254101;;;true;true
